{
    "uniform": {
        "0.0": -3481528.0543302116,
        "1.0": -3891157.2377265072,
        "2.0": -4135904.658479989,
        "3.0": -4309297.58250536,
        "4.0": -4442592.007368123,
        "5.0": -4550177.749620646,
        "6.0": -4639890.691834312,
        "7.0": -4716473.902711153,
        "8.0": -4783016.979480922,
        "9.0": -4841644.376367435,
        "10.0": -4893879.029233329
    },
    "self_loop": {
        "0.0": -3481528.0543302116,
        "1.0": -3928050.511138141,
        "2.0": -4204228.9459996,
        "3.0": -4405889.586921319,
        "4.0": -4565229.235509232,
        "5.0": -4697152.890128404,
        "6.0": -4809822.039263576,
        "7.0": -4908204.238111913,
        "8.0": -4995553.216226816,
        "9.0": -5074118.634812415,
        "10.0": -5145522.062488794
    },
    "data": {
        "0.0": -3481528.0543302116,
        "1.0": -2142961.5653713793,
        "2.0": -1973473.6050191373,
        "3.0": -1899342.4019157887,
        "4.0": -1857252.620156154,
        "5.0": -1829993.971552968,
        "6.0": -1810854.9319359362,
        "7.0": -1796657.0365125835,
        "8.0": -1785694.9753004909,
        "9.0": -1776969.8046258092,
        "10.0": -1769856.7238890529
    },
    "PA": {
        "0.0": -3481528.0543302116,
        "1.0": -3756264.9808823266,
        "2.0": -3940377.641044616,
        "3.0": -4072420.1640211605,
        "4.0": -4174281.691510454,
        "5.0": -4256595.852167349,
        "6.0": -4325268.179411627,
        "7.0": -4383905.676501319,
        "8.0": -4434868.336303987,
        "9.0": -4479782.36194025,
        "10.0": -4519814.500459403
    },
    "PA_FMB": {
        "0.0": -3481528.0543302116,
        "1.0": -3672992.21519142,
        "2.0": -3862394.625673279,
        "3.0": -4005154.0950750336,
        "4.0": -4118791.643879503,
        "5.0": -4212920.030641422,
        "6.0": -4293129.038001776,
        "7.0": -4362924.142271578,
        "8.0": -4424641.315961301,
        "9.0": -4479913.140187025,
        "10.0": -4529924.685407966
    },
    "H_hm1.0_hM0.0": {
        "0.0": -3481528.0543302116,
        "1.0": -3713081.138986213,
        "2.0": -3890777.874829773,
        "3.0": -4022308.447155416,
        "4.0": -4126039.0117348284,
        "5.0": -4211423.277796902,
        "6.0": -4283839.534634903,
        "7.0": -4346620.122689471,
        "8.0": -4401967.473893449,
        "9.0": -4451411.252195343,
        "10.0": -4496056.194999069
    },
    "PAH_hm1.0_hM0.1": {
        "0.0": -3481528.0543302116,
        "1.0": -3644533.8055038564,
        "2.0": -3831852.897615321,
        "3.0": -3974122.840568766,
        "4.0": -4087842.9413485527,
        "5.0": -4182329.7189129144,
        "6.0": -4263049.9298018515,
        "7.0": -4333447.795487344,
        "8.0": -4395825.169251561,
        "9.0": -4451794.115590483,
        "10.0": -4502526.6655706465
    }
}